;out_id;outpoint_tx_index
0;156;7222372395294160
1;185;3232223852078352
2;301;8545641281170684
3;303;5605729482204423
4;305;3469760751891672
5;307;6096835459754921
6;309;4539629323119220
7;317;586579996228315
8;342;8534678895478100
9;352;3661844437876766
10;375;2229215837236569
11;377;914217731749444
12;379;1277842085605389
13;381;7452806971396072
14;426;5740984515324306
15;530;4375172563095051
16;545;1838950785732545
17;547;4863278323797969
18;549;7413412621880103
19;551;3029336004165608
20;553;2491258043915031
21;555;1982595455645310
22;557;2863925618436982
23;559;1478886499913853
24;561;3780280999943770
25;563;531308486778220
26;565;5410282640054489
27;567;7988379933019700
28;569;4713492378259857
29;571;3112039013646659
30;573;3605994907624056
31;575;5943380185312462
32;577;3601038161005369
33;579;2779882081012588
34;581;2625785987496606
35;589;3868008447756636
36;624;6010669333248186
37;657;886643692906289
38;701;3844412355087465
39;734;3670472356111308
40;850;1022276126002035
41;928;8161937443363079
42;930;5492044791404700
43;932;6627334006292069
44;934;2744561788907760
45;936;4319165151620124
46;937;5708869318306838
47;945;433865855040037
48;947;1362431339918114
49;949;1269280145209556
50;951;8710238309465021
51;960;1818357610395232
52;962;3127514651523265
53;975;6547809998858916
54;984;1572962443135256
55;1025;6798370068181314
56;1027;6616639043831858
57;1041;1813547514938489
58;1053;6878098795623375
59;1055;1925948705226038
60;1059;7121439169293347
61;1063;1150606642491867
62;1065;5406819969857845
63;1067;187250535335701
64;1069;3636088209843232
65;1071;6788311192869635
66;1073;38031532073115
67;1075;7786059908018064
68;1077;66416781796378
69;1079;490893637539108
70;1081;4452088854532262
71;1083;7752871614989362
72;1085;2265673518088626
73;1087;6470482842681929
74;1089;2899744349115146
75;1100;1259768793982792
76;1102;5821239413318272
77;1104;7188558425416623
78;1106;8244426072780731
79;1108;8265699593722892
80;1110;4692367945513461
81;1112;2332193651326120
82;1114;6424726150792180
83;1116;7608033820090662
84;1118;7440961119837825
85;1120;8065512602931763
86;1122;2545337427075684
87;1124;3096012640929815
88;1126;353249799767158
89;1128;7688594410625913
90;1130;3263226791604078
91;1132;8874914158509280
92;1140;4165587926106963
93;1142;6585035452590698
94;1149;5420242870686475
95;1151;5781548114308016
96;1153;940124486999691
97;1155;6533507161632854
98;1157;6347180168450550
99;1159;3040797861966029
100;1161;5525797018856809
101;1163;7756439657337104
102;1165;8165218141384954
103;1180;6670451747868362
104;1182;516242694439121
105;1194;8281666653948703
106;1199;1218484389653703
107;1200;3711919047476993
108;1209;2022571207089705
109;1215;5965283208712076
110;1218;2296795520505909
111;1224;4961095932835612
112;1227;2385137030516969
113;1236;4941495771699950
114;1239;2677982902619427
115;1262;1218484389653703
116;1263;1218484389653703
117;1318;8635188492522637
118;1320;3909485437204486
119;1340;4310176550041822
120;1342;483855106944965
121;1361;923261857909828
122;1365;3150420128466731
123;1366;5454147231103118
124;1367;4338900141881192
125;1368;8192795428779409
126;1369;4434358730413929
127;1370;3764083108476323
128;1371;5969979762712099
129;1414;8161233084609184
130;1418;2580808391338447
131;1505;4762357393435553
132;1507;3162913464872882
133;1514;732925744886802
134;1516;5376713638546719
135;1523;996790738067633
136;1525;3437349926536312
137;1532;1306587783049031
138;1534;7966799024006013
139;1541;9000008041534529
140;1543;3596304886653535
141;1551;8839902268692332
142;1563;5778807112709064
143;1565;5567241587461363
144;1567;8965169665362197
145;1569;7038488022455123
146;1571;146238480727065
147;1573;150603349102560
148;1575;4594155900239924
149;1577;2909357709312604
150;1579;5228617286046974
151;1581;5715889107777509
152;1583;7003105219275823
153;1585;2222106832955677
154;1587;6604986027657257
155;1589;8464117517446833
156;1591;433558908356661
157;1593;6988247295367001
158;1595;6651062005106888
159;1597;8778173461288122
160;1599;7231028422211515
161;1604;3733343921129295
162;1608;4578482972156423
163;1615;5540915099059176
164;1617;7667914282558889
165;1619;4074702139686436
166;1621;2005795548149169
167;1623;5292960530622230
168;1625;4374601879442279
169;1627;1380884542601337
170;1629;7407295672235692
171;1635;4708551413589702
172;1637;5026193004101345
173;1639;7404610035780263
174;2010;6468874229170947
175;2029;8489309536786975
176;2041;7440135517527078
177;2053;532944775073552
178;2082;752604016591830
179;2108;4771828791126621
180;2110;2732487901639260
181;2119;3538444130496017
182;2121;5574731315053119
183;2123;7336763506859554
184;2125;2022004424174805
185;2170;8138461518533619
186;2172;7177157183847769
187;2179;5064387773786491
188;2181;7687467456671344
189;2189;6140053438585867
190;2193;8851273962473036
191;2194;7458660338166948
192;2195;831036293954624
193;2229;4771152553145444
194;2231;2626096696479206
195;2233;8296808466033815
196;2235;4305611918434010
197;2237;1871881212339442
198;2239;881891701171752
199;2241;1911350628955374
200;2243;469648163065353
201;2245;1018755545806328
202;2247;8364942052008137
203;2249;1654020845013635
204;2251;2596270748274054
205;2253;5338114837869864
206;2255;402668504926275
207;2257;2927630446049503
208;2259;3769183290982369
209;2261;5447721793539802
210;2263;2676215265962753
211;2265;2167591706144329
212;2274;3674557778977964
213;2276;1672932959355250
214;2319;2050107132405555
215;2354;4937490785917913
216;2356;2846123612938246
217;2358;7608993275965592
218;2360;8430603093760470
219;2362;7733595275725669
220;2364;6056304586694673
221;2366;7743403736733328
222;2368;1552121794413180
223;2370;8014603245196543
224;2372;6170172726786531
225;2374;8914358679408752
226;2376;2025500619271738
227;2381;3403149043930118
228;2383;3344082596162261
229;2385;1557457950589401
230;2387;3310984074656050
231;2389;7176317672003651
232;2391;6094498963766432
233;2393;6379182970209860
234;2395;8571446744000299
235;2410;1681599423072871
236;2414;3901130284736519
237;2561;6916503006849237
238;2563;7824138555717727
239;2565;4011126552798192
240;2582;1186107505543550
241;2587;7302719653976891
242;2594;1126508269370168
243;2612;8190082446744390
244;2798;7650129651404327
245;2801;26145479234602
246;2805;26486396786033
247;2810;4997016871263449
248;2813;4582740541821881
249;2815;4414982887482598
250;2817;36398878565082
251;2821;89497382409770
252;2824;5458188801503622
253;2826;2723407900721502
254;2829;102015442307883
255;2837;5069994117804643
256;2840;3597598086559193
257;2842;118828684309273
258;2844;6040982201281440
259;2846;119252966058283
260;2849;4292794495724326
261;2851;130460682050852
262;2854;7502111558150439
263;2856;1397749461736302
264;2859;4808941217521889
265;2862;7305523548334498
266;2864;142583549105788
267;2866;8172080599328305
268;2868;158767323802002
269;2880;197463344144816
270;2886;308286779094819
271;2891;3967080163236277
272;2894;5340334690157731
273;2897;5683625989773377
274;2900;485856535736684
275;2905;1240037228904805
276;2908;3583884508786646
277;2911;602322088876389
278;2916;2932952121398303
279;2919;715333243425539
280;2923;771886187542181
281;2932;4283989878452790
282;2935;798619733334829
283;2943;6640362884764790
284;2946;3530363677052729
285;2948;897027842956502
286;2950;6147303097365479
287;2952;6571042415708911
288;2955;8412453724149819
289;2957;900990434905319
290;2959;7777912118118340
291;2961;917367947719165
292;2966;6576583253864773
293;2969;2938604997648156
294;2972;4703683611635424
295;2975;984655066124691
296;2979;1018157258573161
297;2984;1072284959366133
298;2989;1079352281606620
299;2992;5778047664333715
300;2994;6831036294522664
301;3005;8039829283628663
302;3014;1351470100974001
303;3034;4768608748722672
304;3039;1422675924351358
305;3044;1427976189895419
306;3049;4247055425570944
307;3052;8605215182374195
308;3059;1574439882820254
309;3062;2403377533989850
310;3064;1641269422932331
311;3136;4995335846704898
312;3139;1684444341069760
313;3144;1692270343452670
314;3147;5799726554448135
315;3149;8262295375943650
316;3152;1798244253049147
317;3156;3050224771677890
318;3163;5005634299560453
319;3166;1882116730066066
320;3171;1882431539158185
321;3176;1989537194914790
322;3186;8779218860723797
323;3189;2009533013536478
324;3194;2072622085708471
325;3198;2164865190453076
326;3201;8768581908177396
327;3203;4975125083309633
328;3210;6221339033027008
329;3213;7258282617538267
330;3216;4972713067184212
331;3219;2344700947164130
332;3223;7278111779645295
333;3226;2354473834613409
334;3230;6526726458924201
335;3233;8060168292641741
336;3238;4815834262220726
337;3241;2408531866254513
338;3246;4845558172072667
339;3249;2500032652272094
340;3253;2579396849671285
341;3258;4226764041412236
342;3261;5265198762597515
343;3264;2704796551727197
344;3269;2710537019483095
345;3274;4555654953750888
346;3277;3674451190221247
347;3280;2814371049630373
348;3285;8131868838181866
349;3288;4780218952178964
350;3290;8460402758570674
351;3292;2819265675894244
352;3294;8215719659794561
353;3296;2841960862526516
354;3301;5963502530911150
355;3304;2873074077127296
356;3309;8748325222714079
357;3319;4841050302811497
358;3321;6468108544609545
359;3324;3134555951488217
360;3329;3221647180599272
361;3339;5401776746879149
362;3342;3302720671284987
363;3346;3304115564339695
364;3349;6296085129825784
365;3351;7674043777158453
366;3354;5187731610821007
367;3357;3526154839750422
368;3360;4831382980455302
369;3362;3543776550496067
370;3368;6299159986998525
371;3371;8229272797895677
372;3374;3603748873905837
373;3382;8208951487227292
374;3388;7716280681881387
375;3391;7926947826795619
376;3394;3788210212096437
377;3398;5529668926595893
378;3401;6265284316937824
379;3404;3913207980456597
380;3409;3948699655043549
381;3412;7129350722986212
382;3416;8013146957726804
383;3419;4134731170032785
384;3428;4248422867964303
385;3433;4264076044463493
386;3440;8412117400381788
387;3443;4399634329666890
388;3448;4422549560114732
389;3453;7895371495332666
390;3456;4543117145282285
391;3465;8070196920159722
392;3470;6118708947056689
393;3489;8238683864466697
394;3491;8460454123169208
395;3500;6733269234850426
396;3509;5247248837249153
397;3513;5262929622732174
398;3520;5280676047179159
399;3525;6516857288745177
400;3528;5316462283561400
401;3533;6549328763187705
402;3536;5324635174519728
403;3540;5351919677768990
404;3546;6038784630885506
405;3551;5477210125167029
406;3562;5693468119495749
407;3571;5905111171545015
408;3603;8502876420383727
409;3605;8708760640003307
410;3608;6979705256714763
411;3652;6916951988928473
412;3661;6315691677985584
413;3669;6511286552859601
414;3680;8557266436545705
415;3693;8346055371599105
416;3695;7063798664509664
417;3720;7658028843898897
418;3768;8934021083403256
419;3817;4937448969469599
420;3821;4427866786924744
421;3822;8866802628170593
422;3823;2636414496306171
423;3824;5286541440681313
424;3825;1620391397944350
425;3826;4067462508401137
426;3827;5893417172835347
427;3828;795234447631259
428;3829;2908191302891753
429;3830;5197319364130717
430;3831;8324442326966248
431;3832;2758575003698781
432;3833;5190037301641786
433;3834;5848305533651617
434;3835;2669602715652832
435;3836;6727563287121926
436;3837;3436762061601509
437;3838;5144215369875193
438;3839;2000918852585720
439;3840;1065289626739249
440;3841;5598307204095056
441;3842;623830540900174
442;3843;3221333169148375
443;3858;1398731059631644
444;3866;1949691921512128
445;4021;588751231342442
446;4102;3632043407833962
447;4198;3736829001088681
448;4206;8422698333467658
449;4251;5287694159271484
450;4252;286476496756319
451;4253;4098524144919173
452;4254;378516083456551
453;4305;2259761680943764
454;4323;4786359583566038
455;4324;8095304589875206
456;4325;6585013802741
457;4326;2736319535817942
458;4327;6143474784449179
459;4328;284969288268960
460;4329;493292133355044
461;4330;5281425232823313
462;4331;7100551098909043
463;4332;6024153679798330
464;4333;4687595971204093
465;4334;4436688537463783
466;4335;1861565609259496
467;4336;4537704167311526
468;4337;3027570857654556
469;4338;2626992031640084
470;4339;1172319059894410
471;4340;7646787411545415
472;4341;3239751185093380
473;4342;3488914666458358
474;4448;2162803953383456
475;4450;5173533590452727
476;4490;4498388134605489
477;4560;12921741690679
478;4563;6551078287789859
479;4564;5709006542825485
480;4565;3442427478055731
481;4566;3437807949605769
482;4567;885231705087856
483;4568;3771914902539224
484;4569;6388540415706541
485;4570;4252529732516576
486;4571;3709844487968747
487;4572;5820174065798594
488;4573;6995535426657959
489;4574;5513419592890551
490;4575;6570171660845670
491;4576;8628081254203387
492;4577;3106549681208128
493;4578;8677943439747032
494;4579;6407039267410205
495;4580;5854534988917350
496;4581;6134851337956790
497;4582;3126213016063250
498;4583;34747964973875
499;4584;7004043802877861
500;4585;4975010903683643
501;4586;770524509613464
502;4612;8312278929388796
503;4613;8312278929388796
504;4622;8312278929388796
505;4631;7331192746036737
506;4678;1075396676776465
507;4679;1075396676776465
508;4680;1075396676776465
509;4691;145607139681611
510;4694;1481849797603092
511;4786;8033882820138195
512;4951;4173867732585982
513;5056;2900290037748930
514;5196;3222102321514667
515;5200;3222102321514667
516;5205;3962801926446598
517;5206;6369451634531837
518;5207;187775342481418
519;5208;9004890412624984
520;5209;6697265559173136
521;5210;3429998157044402
522;5341;1914939942309618
523;5343;8598726955489630
524;5345;7972981450722161
525;5383;5986524017406646
526;5410;7952067147213161
527;5456;6359224699427700
528;5519;6884436603919434
529;5675;6884436603919434
530;5847;3782145181776538
531;5886;7598576271480722
532;6085;5919198170060578
533;6118;20393307264652
534;6120;6541654508145218
535;6132;2420937022680216
536;6133;8633056847692787
537;6139;4286579835852718
538;6174;6495380727655511
539;6192;4454265513261473
540;6380;591061920169204
541;6381;591061920169204
542;6382;591061920169204
543;6395;2561776349673145
544;6404;5948108726126212
545;6405;5948108726126212
546;6414;5948108726126212
547;6422;410949621257002
548;6423;410949621257002
549;6432;410949621257002
550;6440;15473843643905
551;6441;15473843643905
552;6450;15473843643905
553;6504;3089915378728218
554;6522;7179404573053595
555;6542;4794036752454171
556;6548;8537615090591803
557;6597;6239549003432332
558;6598;3754110798865671
559;6599;3221978971931779
560;6600;3763536109742504
561;6601;4720208413617970
562;6602;8523005682550767
563;6603;5539380540477508
564;6604;5539329242345258
565;6605;870014131951343
566;6606;5838888919935548
567;6607;6504356936413183
568;6608;7548969293127994
569;6609;3216694810494051
570;6610;2870944433850258
571;6611;1328769883675973
572;6612;6776295353578050
573;6613;8361607221403095
574;6614;5337796342910065
575;6615;2673450745570923
576;6616;7147169827134597
577;6617;6821443549502372
578;6618;3489809126891366
579;6619;7158224988553972
580;6620;7374316564819736
581;6621;5789454069016535
582;6766;4165030344522710
583;6806;8260720720110211
584;6819;1903879606009858
585;6820;3886575233881007
586;6821;3620542324502261
587;6822;1998094429430510
588;6823;598500388922467
589;6824;7695904191150647
590;6825;2394381445008906
591;6826;4070624951849620
592;6827;7392443122599840
593;6828;313875572140765
594;6829;1259065757197029
595;6830;6611461665189708
596;6831;3550440543806347
597;6832;4540755205453881
598;6833;2092115454616451
599;6834;8025414398262188
600;6835;3607768511561872
601;6836;1715242581970687
602;6837;3477041057312730
603;6838;3431772482275207
604;6853;3615520189216571
605;6895;8571165755285351
606;6922;3226601338710916
607;7039;288912002981662
608;7046;425968574969753
609;7101;8982133980346019
610;7104;5225758863573342
611;7105;1181089339168459
612;7106;4747776344159319
613;7200;6106459197073119
614;7294;4814126065685450
615;7741;6608726803494573
616;7785;2040040653251102
617;7818;7568066403315819
618;7822;637419550494485
619;7823;4772873810043254
620;7829;1971466346336328
621;7830;1971466346336328
622;7831;1971466346336328
623;7832;1971466346336328
624;7833;1971466346336328
625;7860;921550723704342
626;7890;5342726021975772
627;7891;1239845384187318
628;7965;5646935844242970
629;7966;5646935844242970
630;7975;5646935844242970
631;7988;4540954580767418
632;7992;2950337546505510
633;7994;1167558278421877
634;7996;3446176760675695
635;7998;20149383441076
636;8000;2745886235659018
637;8019;4280588557904132
638;8021;6270918123750811
639;8023;6998509385784528
640;8025;3877493186583951
641;8027;588589741626426
642;8101;3324232675073777
643;8359;1261769374945536
644;8400;1774240667618608
645;8405;4195648582921222
646;8434;2514405571683844
647;8435;2514405571683844
648;8444;2514405571683844
649;8457;5034318462267656
650;8470;8841113148447523
651;8471;6579289669614576
652;8479;785469038510616
653;8481;8766929818874428
654;8487;3424079151606336
655;8499;7726245550500781
656;8500;7726245550500781
657;8540;5275977949828531
658;8573;7297366284540531
659;8579;3401845579458126
660;8598;2731020785928989
661;8609;3420086656982202
662;8615;6478385903885790
663;8663;3309915976085034
664;8669;8389976373325812
665;8672;3539174635277810
666;8679;7008473270887368
667;8682;6516227853813947
668;8720;4874556342765582
669;8728;7619621160454589
670;8744;8334975239227574
671;8767;6438377021027125
672;8783;6654499534131367
673;8788;6918254799385643
674;8816;2515364738496467
675;8855;2864732262069815
676;8859;8953884405675573
677;8860;2157689769671312
678;8861;1405708432786665
679;8877;5145702868387301
680;8908;2738258345156215
681;8911;1452586510336926
682;8945;1354739577383353
683;8963;8209452538110692
684;8970;7038714447311807
685;8977;4692244887521983
686;9028;253279913080852
687;9035;4087116641047147
688;9168;6347616414093883
689;9211;361067248848367
690;9215;6309512868141406
691;9302;1316205470433513
692;9346;3258447421345772
693;9352;2322601266612009
694;9354;4370612949625338
695;9356;6611196974256667
696;9381;3572481616012424
697;9383;8529238349628055
698;9398;6294429716546662
699;9445;8360347286933130
700;9462;1592688541428208
701;9476;5738266952093403
702;9482;1170633559352076
703;9483;1170633559352076
704;9484;1170633559352076
705;9489;3055928597575660
706;9523;2613469397860563
707;9524;7108724486193341
708;9533;5747786495877552
709;9566;1362204308215928
710;9568;2816329240236773
711;9571;3658309208492596
712;9572;5934968107736204
713;9597;8058126967121836
714;9599;6980006093039400
715;9601;8253596834541993
716;9603;7174859244891274
717;9608;4491213738150187
718;9609;5648197176458830
719;9642;377400927255786
720;9655;6199074917512667
721;9664;6683984531850524
722;9665;7623660857169672
723;9670;8219341359245842
724;9675;8686608914162666
725;9682;6657160666767682
726;9695;521443757145745
727;9706;1523788436594809
728;9708;3589110701990910
729;9709;3696025142625384
730;9710;2864800994518933
731;9747;3680043540218127
732;9748;1562143069889214
733;10115;7360201464691366
734;10116;7360201464691366
735;10139;3257023967397384
736;10165;8402004750039036
737;10193;1789762741974049
738;10237;2765809286567557
739;10270;1464291237132872
740;10271;1464291237132872
741;10275;7607971445044706
742;10278;8728827066938438
743;10281;231482745573550
744;10461;2157343047094103
745;10480;3738257364867511
746;10482;3394406796918980
747;10484;5136279668554181
748;10489;581359895040482
749;10529;5556998322466018
750;10537;3688236847411279
751;10541;524331832960167
752;10567;1332227909316411
753;10581;145031352829348
754;10644;505924826212795
755;10702;626740246342446
756;10704;6255694324256703
757;10706;3892712594281904
758;10708;8114340571728345
759;10740;611729937702261
760;10741;8880601737894735
761;10757;14444950858337
762;10772;8696257500532018
763;10780;2228813101831502
764;10782;7629187741859052
765;10813;973510049632581
766;10858;2430063251821070
767;10859;2069044809198479
768;10860;2795008436930783
769;10884;3547549865250977
770;10888;3971467785560641
771;10913;5045428836956813
772;11024;4633905074890236
773;11036;5410246840654757
774;11037;3583463224316453
775;11057;2013759289031679
776;11062;8020260616217794
777;11073;2237042703471781
778;11075;5544191867870812
779;11077;1679283504517965
780;11079;4207293661878586
781;11083;821179101944100
782;11126;2739526821874076
783;11128;7901234572748310
784;11130;2302226639489250
785;11132;7682922079939287
786;11139;7788260094160150
787;11186;5437529479294037
788;11194;168982111853406
789;11207;5063972186109214
790;11218;4209934444172395
791;11219;1027958203710451
792;11220;2380245306182064
793;11252;3267357474624516
794;11254;474387079317981
795;11255;4141183245466542
796;11256;5695582877381412
797;11257;5628787517187707
798;11284;5286530611115395
799;11294;8879193625097510
800;11301;3282435690200455
801;11308;205645624458645
802;11324;7272142486040350
803;11332;4433179886644359
804;11341;7573736369063922
805;11366;8074240116795847
806;11434;5216145459291194
807;11436;2809043558417841
808;11438;6038812176325233
809;11440;3565877438823652
810;11449;5425667021688317
811;11451;7892853418930611
812;11453;2789004959225627
813;11488;5472039415058917
814;11490;3538739911347785
815;11529;4373581893721117
816;11531;8858812246242950
817;11533;6887500749653950
818;11535;3047309653098821
819;11556;728841110691723
820;11558;3512363191761651
821;11560;5473693140017470
822;11562;5400102974298782
823;11564;5766902673172927
824;11566;557544620368673
825;11568;3100455662973664
826;11570;7400564928159355
827;11572;8675045079818328
828;11574;3153818516034748
829;11576;6841246390854423
830;11578;3592258599862708
831;11580;4633984864673148
832;11592;8587107922356805
833;11594;5233174042197923
834;11607;6369481735315070
835;11609;4245515430122255
836;11611;2760960929347535
837;11613;298687045726814
838;11615;539735240831387
839;11617;3709511764380662
840;11619;7338698931234350
841;11621;8224688588146655
842;11623;5542947287173159
843;11625;8667105998095906
844;11630;7735230894362131
845;11631;2842112940587828
846;11632;8107747553564422
847;11634;7689539289663241
848;11636;5843723503729270
849;11638;4848897173928583
850;11640;5197703868990055
851;11642;4291062657227037
852;11644;8377138749454303
853;11646;2360707301495192
854;11648;3756903653154844
855;11650;718299850541962
856;11652;40715674017002
857;11654;2864152159597251
858;11656;2347585451807644
859;11658;212980656604162
860;11660;2798283769762341
861;11662;6414960033156682
862;11664;5572658966069225
863;11666;8600189613686868
864;11674;2055837868478700
865;11676;7876060880352178
866;11678;8617288900737947
867;11680;255152778673240
868;11682;4471654063615425
869;11684;4859587421837767
870;11686;1077466792821526
871;11688;3884188577691221
872;11690;4060721445441656
873;11697;3401862388917674
874;11699;605582579638932
875;11701;3334953635608404
876;11703;8060031024791645
877;11705;854122053032780
878;11707;5472231757808983
879;11709;5748025662430481
880;11711;5581038194270644
881;11713;3037579733298300
882;11715;4908134535116911
883;11717;490012002506625
884;11719;1209579206431148
885;11721;692941545474457
886;11723;5514633974427672
887;11725;5270786140021906
888;11727;5495768559828244
889;11729;5410368294421755
890;11731;844072164182839
891;11733;7603972675521762
892;11739;7204092540396513
893;11747;4406308664536194
894;11749;3721730484231269
895;11769;1614008096445284
896;11781;5901738963029094
897;11784;7246058125932040
898;11790;2186482893814900
899;11792;5356799417338476
900;11794;5599526798848331
901;11795;3417802774540526
902;11799;4179586314595472
903;11814;7960538662806686
904;11833;1459826959879654
905;11848;884459290297183
906;11852;6393309294230066
907;11853;7714330718112371
908;11855;2908635101170867
909;11860;6179040551586008
910;11868;3637512451321460
911;11870;1122531972926142
912;11872;4601325698073103
913;11874;5215040362095102
914;11876;4564804350067492
915;11950;8200814558656496
916;11963;8606260935965180
917;11965;5469384868683797
918;11972;6732237224551999
919;12112;6446189219948791
920;12160;8224934764340731
921;12232;4756070146146169
922;12238;2039944572020106
923;12240;6901957805835755
924;12242;4060585431910130
925;12244;717639976014448
926;12269;4362260980096535
927;12279;6690019947181612
928;12280;1065176713118994
929;12281;246230327164866
930;12285;1923026030709580
931;12286;2815992543639912
932;12287;2289645005889313
933;12288;4911379595454549
934;12298;219155101198256
935;12302;7786340606906578
936;12318;6917259903659262
937;12322;5662497958543357
938;12326;4093375838874760
939;12328;498693955045905
940;12330;5794965779255956
941;12332;7538297042048490
942;12334;5997311056174210
943;12336;2190964191804455
944;12338;1687179628789813
945;12340;2711971639784989
946;12342;485192449295911
947;12344;2325468997799215
948;12346;2196118119718452
949;12348;8143384654129553
950;12350;1111552444610437
951;12352;7213733107051336
952;12354;5468735387734685
953;12356;5979164695664959
954;12358;7012307584219765
955;12360;7475139621978876
956;12362;4250151928974853
957;12367;917275399529899
958;12369;539403161927075
959;12371;4016030045887039
960;12373;7942241215241594
961;12375;3235169862646961
962;12377;5820457441603992
963;12379;6358034609706437
964;12381;2097429473842263
965;12383;5702015374090015
966;12385;3583345399035395
967;12387;7300761306408040
968;12389;685516020707775
969;12391;8780284777148674
970;12393;4438268057544406
971;12395;8489421046088903
972;12397;2890088385164245
973;12399;8164203267897986
974;12401;8897995760192151
975;12403;4886058420699289
976;12408;8921995719144465
977;12410;7371353923772056
978;12412;7041524871281767
979;12414;3726282564738955
980;12416;8476913756899104
981;12418;2787231372183443
982;12420;2937634444326278
983;12422;30028551832262
984;12424;3122556869644043
985;12426;8988449393578534
986;12428;7135100282170163
987;12430;449425296624282
988;12432;1010580289179948
989;12434;6556120753264092
990;12436;7564683588482285
991;12438;5241717708712425
992;12440;8864181076403042
993;12442;5290128956170965
994;12444;2833594827336568
995;12455;4304785447075373
996;12457;7956178114639537
997;12459;5369977501010986
998;12461;7210611906987200
999;12463;5078227620719323
1000;12465;7935244307184686
1001;12467;1944417823158134
1002;12469;3827547835709326
1003;12471;2197183778034931
1004;12473;356234100898320
1005;12475;8813697023845359
1006;12477;1862494449354888
1007;12479;5728673878165257
1008;12481;111835005853119
1009;12483;166557292215379
1010;12488;3222577576615787
1011;12490;1137629653878448
1012;12492;6521245390166655
1013;12494;408116010857888
1014;12496;8823713565556805
1015;12498;428579895507898
1016;12500;4946571792823255
1017;12502;5908342106628335
1018;12504;7801579001608942
1019;12506;2184552743494713
1020;12508;8307062057008633
1021;12510;1644935141412767
1022;12512;3483730357553102
1023;12514;4181920950584250
1024;12516;464381978635418
1025;12521;683815100925259
1026;12523;3720137182188196
1027;12525;7218582286163076
1028;12527;4817861095633032
1029;12529;9000594405662902
1030;12531;6096253338232712
1031;12533;1511725404024192
1032;12535;67198072560195
1033;12537;8409463858812463
1034;12539;1064875110486834
1035;12541;3770012746367636
1036;12543;4765654052411806
1037;12545;8424005200941907
1038;12547;4578742381483101
1039;12549;4045087183771372
1040;12554;5956824004123899
1041;12556;5246916610492637
1042;12558;2965840953609612
1043;12560;2396141897210481
1044;12562;8949696989777534
1045;12564;6942531617576988
1046;12566;3049450621963501
1047;12568;2422795487556124
1048;12570;1503913869135689
1049;12572;6163948241848464
1050;12574;3595215633820521
1051;12576;2381909701895848
1052;12578;1354605546203263
1053;12580;7177006885814561
1054;12582;6093382414139197
1055;12597;1149201453022761
1056;12599;6514038754033849
1057;12601;1313311550171444
1058;12603;8419003395936927
1059;12605;4062852559011313
1060;12607;2627007658972568
1061;12609;7006604266292156
1062;12611;6894207040643522
1063;12613;2130831350802706
1064;12615;1201408617156088
1065;12629;6434445315947196
1066;12631;4447416773143900
1067;12633;396544599476930
1068;12635;5126809567702659
1069;12637;4966606343755856
1070;12639;3001788618808729
1071;12641;2806434573554419
1072;12643;3474943983058246
1073;12727;3522033852001031
1074;12728;7342641905477865
1075;12729;4170574209286900
1076;12730;7467798416800791
1077;12731;868570070210591
1078;12732;5338245716894357
1079;12733;7860048250986446
1080;12734;5441294622769387
1081;12735;5791294827917477
1082;12736;7062107809548772
1083;12737;1536181030354792
1084;12738;8110435845101426
1085;12739;6968796428473886
1086;12740;970780869541115
1087;12741;4007372778115114
1088;12742;6459022590619411
1089;12743;6140631423970022
1090;12744;7796754122895993
1091;12745;2886889483272840
1092;12746;5930982565942330
1093;12747;5388626002782173
1094;12748;7698782376065571
1095;12749;7132936040129625
1096;12756;968678914853496
1097;12764;7358870561612570
1098;12767;1920681726739393
1099;12773;2175728848795997
1100;12788;8816567700819761
1101;12818;2100330053341171
1102;12820;3332243061900024
1103;12822;6224878659181487
1104;12824;7833580651631468
1105;12826;1645984001739256
1106;12828;5586128043923372
1107;12830;2135203511931234
1108;12868;3012304827223826
1109;12870;879776231065089
1110;12872;6540747561789711
1111;12884;8166439268957314
1112;12886;1893152172206487
1113;12888;3140582229255564
1114;12890;4627881758463785
1115;12892;4380430598764133
1116;12901;6032042942814631
1117;12903;1374424740790902
1118;12905;2109009922672978
1119;12907;4927554316441926
1120;12909;2222327550535672
1121;12911;1062585322337764
1122;12913;3457340387573532
1123;12915;8092243206263381
1124;12917;4742445215449810
1125;12929;1314905772362829
1126;12930;7975791124203485
1127;12931;7975791124203485
1128;12936;2877421008346524
1129;12937;2877421008346524
1130;12939;1412743488391952
1131;12943;6178011407664944
1132;12944;3648380418730306
1133;12955;8854130301334540
1134;12960;4956641411256899
1135;12962;5087711335132325
1136;12964;255012028455766
1137;12966;2563909441982045
1138;12968;2667450516024376
1139;12993;6964096344136926
1140;12994;7856200704943058
1141;12996;2331300326978865
1142;12997;3338304414805868
1143;13008;5242990645247404
1144;13019;2171284140999120
1145;13020;7412572108056051
1146;13021;7816908304258058
1147;13023;2484118486998797
1148;13025;5572916390552566
1149;13027;1724766300069467
1150;13029;1137714256198472
1151;13031;501577905027914
1152;13033;6622121488788337
1153;13035;6911981787290363
1154;13037;6371508581534118
1155;13039;2798400668793419
1156;13041;4259070149329887
1157;13043;8692622501988864
1158;13045;6893363461982605
1159;13047;8077620242144626
1160;13049;4148528555574976
1161;13051;6513489202903680
1162;13053;3054982253813832
1163;13055;1984868632895545
1164;13069;4796687364683879
1165;13079;1480467440030350
1166;13083;1647803945793077
1167;13085;1192715143018555
1168;13087;5830248907764178
1169;13089;2604935069890731
1170;13091;3161085681521764
1171;13093;2641381975048855
1172;13095;234282923938843
1173;13097;6269479345982834
1174;13099;8550868112272988
1175;13101;5323337178607679
1176;13103;3309679829350280
1177;13105;4547410678707957
1178;13107;3023768780554380
1179;13109;2432422223011324
1180;13111;7239631215239698
1181;13113;3219568683260953
1182;13115;2893986676248514
1183;13117;2959188561039347
1184;13119;2699388339441578
1185;13127;5058767162942439
1186;13129;1440076978904198
1187;13131;5753395081720556
1188;13133;7273172722824343
1189;13135;8310326789276394
1190;13137;355270218730799
1191;13139;6091856743030540
1192;13141;1613821298405042
1193;13143;964011716612339
1194;13148;1869841963181376
1195;13159;4338318261707990
1196;13176;5656141479677388
1197;13178;6479975157388084
1198;13180;6413387599880993
1199;13182;6014782451905742
1200;13184;8974243746009213
1201;13186;6400930744404705
1202;13188;6640679310371938
1203;13190;3725032630893014
1204;13192;5997662416226355
1205;13200;7605850219633067
1206;13202;2177921244264983
1207;13204;8125213187863598
1208;13206;7908028315933042
1209;13208;8277013070574925
1210;13210;3966796322387717
1211;13212;223690286349299
1212;13217;683063828745248
1213;13227;5765116662832874
1214;13231;2763545443009791
1215;13264;3519090328033185
1216;13265;266273761353113
1217;13271;2793043883161071
1218;13881;4633897310427043
1219;13883;3464380333321560
1220;13885;2464993426103362
1221;13887;4503820341568383
1222;13889;2045634204009459
1223;13891;4929397007428070
1224;13893;5498194754426022
1225;13895;4306738004558014
1226;13897;1686746598698302
1227;13899;6176976011712395
1228;13901;1176185492021256
1229;13903;1334479638093647
1230;13905;6994625663138808
1231;13907;1486637854801358
1232;13909;847231436949532
1233;13911;7251704096805680
1234;13913;7599789499145244
1235;13915;3615664644779240
1236;13917;2765762160935758
1237;13922;3548840834656054
1238;13924;43523322612645
1239;13926;270702702333953
1240;13928;8042775289657450
1241;13930;8233712954732705
1242;13932;4514702962589050
1243;13934;2367951087387692
1244;13936;7272471329388249
1245;13938;1651859777946438
1246;13940;1304741162373868
1247;13942;3455127340328594
1248;13944;4822441845312249
1249;13946;1579222517905414
1250;13948;8539763904405072
1251;13950;323619761187766
1252;13952;1235319415659206
1253;13954;8838692654051192
1254;13956;4386275821010105
1255;13958;3315987642294431
1256;13980;2295982649146990
1257;13985;7228450119457796
1258;13988;1003427406195598
1259;13993;243630633361268
1260;14004;567616230998679
1261;14018;805981770437014
1262;14029;4004181322066786
1263;14030;6781981220633541
1264;14031;3664741327619094
1265;14032;7329837616537786
1266;14033;899087933363042
1267;14034;5799874999887507
1268;14035;6729850894551764
1269;14036;7329301179015170
1270;14037;2406681328884744
1271;14057;3977298649010636
1272;14071;2124790547908481
1273;14087;2513911386216333
1274;14088;6957833609815198
1275;14113;5430064975582534
1276;14119;3733511687477012
1277;14125;2970641144564236
1278;14131;3024368711077328
1279;14141;8550122025027862
1280;14156;8268315789072317
1281;14157;4314699056288525
1282;14162;4736035401807664
1283;14179;7985389825404644
1284;14194;5255165640659389
1285;14206;5776816154500043
1286;14223;5367686952041482
1287;14246;6197637525812537
1288;14259;8079339973302914
1289;14262;6863655830138357
1290;14288;7285160985932107
1291;14293;8540381277639232
1292;14322;8310372941093223
1293;14338;4542021571428976
1294;14374;7702469176756414
1295;14382;4501265133498124
1296;14397;3102944387705075
1297;14398;5918240702317013
1298;14412;6236682120062876
1299;14414;1419432020120183
1300;14416;7126408240439318
1301;14418;4097213080199657
1302;14429;5268672886865950
1303;14433;2969690339592418
1304;14461;198263115519684
1305;14463;3001915014970008
1306;14465;4328811611596713
1307;14467;1007631486494985
1308;14469;7575815350931920
1309;14471;799835794991393
1310;14473;5433532714932253
1311;14475;5518752092440768
1312;14477;2505933276619629
1313;14479;7529964252984111
1314;14481;581169004701797
1315;14483;5883005001764838
1316;14485;7527895873010642
1317;14487;851173970489231
1318;14489;1528560274825551
1319;14491;3623623644866616
1320;14493;2698815304036964
1321;14495;7983287067693082
1322;14497;4252574684332065
1323;14502;4246349557540285
1324;14504;6712654303369115
1325;14506;4076403796168580
1326;14508;8034035231174462
1327;14510;4600318062191838
1328;14512;8138133437389055
1329;14514;1387822436418527
1330;14516;6865815295905331
1331;14518;5404857449764834
1332;14520;3529400562509159
1333;14522;475775392794732
1334;14524;6313281085885724
1335;14526;4893856910141987
1336;14528;4343342891870743
1337;14530;3829512491583669
1338;14532;630504340642067
1339;14534;2396870149020492
1340;14536;8333471940056582
1341;14538;5609926251000337
1342;14547;1667041293241160
1343;14549;1370057208664643
1344;14551;1645120554431755
1345;14553;4851939368679798
1346;14555;3520116883166282
1347;14557;7353119924084251
1348;14559;1155329494093274
1349;14564;3396779334028331
1350;14566;4525116252009402
1351;14568;4438375146059320
1352;14570;4501282534559182
1353;14572;7440328633110167
1354;14573;4209719831193375
1355;14579;2769869592161138
1356;14580;8418151928021236
1357;14584;1466463785935465
1358;14588;8899692987122051
1359;14613;4767698530321093
1360;14615;6927771938384306
1361;14617;790516135157089
1362;14619;4035630435952692
1363;14624;2851600263782058
1364;14628;2989514191216685
1365;14632;5555490893803104
1366;14657;3810236712983944
1367;14659;3912180704414616
1368;14661;2739647784876554
1369;14663;8116803386394591
1370;14676;5909837557541758
1371;14691;4062804129953457
1372;14710;790421441181203
1373;14716;8119505419134129
1374;14717;8119505419134129
1375;14719;8119505419134129
1376;14720;2647641290659687
1377;14725;6205959964864924
1378;14739;1267208971189837
1379;14743;83210055861600
1380;14749;5698343860454433
1381;14751;2344087565169619
1382;14755;6616386866288574
1383;14757;1573157929844000
1384;14759;5272789469544680
1385;14768;1342453844015495
1386;14775;5422186766020131
1387;14810;4014876364459899
1388;14813;4516605473345968
1389;14817;4189958855124549
1390;14818;3717430967685417
1391;14819;8634170498463660
1392;14831;3957964896167993
1393;14841;5960693787229385
1394;14846;5092034780552294
1395;14855;3190902129111467
1396;14859;6626915606303472
1397;14865;117433018734325
1398;14869;6109418748968532
1399;14915;5258306757211929
1400;14919;6087839568558748
1401;14923;2394244788976960
1402;15078;1680991395615741
1403;15080;3328854811679357
1404;15086;1466647155164451
1405;15089;1678625513294283
1406;15092;1925689646001201
1407;15095;2877164623280744
1408;15098;868485880607736
1409;15101;2367104542330817
1410;15104;8866331978173903
1411;15107;1341238023172424
1412;15110;2002960545898109
1413;15113;7147824900013360
1414;15116;7006319620842439
1415;15123;3027763123359857
1416;15125;7042538453074893
1417;15127;5350664009097663
1418;15132;285508087470254
1419;15134;6547777251426909
1420;15143;6262282241858762
1421;15147;8068645589434377
1422;15148;4201029624484384
1423;15208;4160219684681888
1424;15234;4715854245915420
1425;15238;2352634859440084
1426;15242;2319233397583612
1427;15246;8751266961773584
1428;15261;3691226813226022
1429;15294;6477529620296096
1430;15308;387634430128314
1431;15312;1026946927577034
1432;15313;4960362738619614
1433;15314;3714876952397807
1434;15315;4567341565824686
1435;15341;1948828653497840
1436;15343;114186962552370
1437;15345;1287387081769664
1438;15347;4691271047350803
1439;15353;6187662185120140
1440;15367;5312442791058848
1441;15382;6645113885676954
1442;15388;4642530444149943
1443;15395;3540737667220008
1444;15408;4732372167234061
1445;15410;1459227863624034
1446;15470;2500972888419659
1447;15471;1088325767248234
1448;15472;8114394598292651
1449;15476;3188103270933658
1450;15477;4945814411944567
1451;15478;4270314050476775
1452;15479;4711974569952103
1453;15480;6146169090353527
1454;15481;499616563746880
1455;15482;6238172954905074
1456;15483;5008136034086668
1457;15484;6740838965763074
1458;15485;1390377312179060
1459;15486;2203526501819330
1460;15487;147952167512362
1461;15488;1058899076535304
1462;15489;3215336797521663
1463;15490;4726931981142667
1464;15491;4977077974578659
1465;15492;2176513021341103
1466;15493;2875006203958717
1467;15494;1228441286766310
1468;15535;7099360613638054
1469;15576;688226217931320
1470;15579;7722796362169683
1471;15587;6459884649654602
1472;15588;6459884649654602
1473;15589;400869416157823
1474;15590;6459884649654602
1475;15591;6459884649654602
1476;15592;6459884649654602
1477;15617;4442792783081447
1478;15620;1805585584401372
1479;15623;609498798956056
1480;15626;8635794004967634
1481;15629;5121632611907991
1482;15632;1373404341296152
1483;15635;7465121164113361
1484;15638;3282763769798824
1485;15641;229707697054131
1486;15644;474966930502931
1487;15648;4659786513232517
1488;15652;5114984377689007
1489;15653;671625643210153
1490;15654;449437130438164
1491;15655;5817120027919313
1492;15656;241348136432553
1493;15657;6057359986367417
1494;15658;4245787272086679
1495;15659;1133051966148966
1496;15660;8876594920763850
1497;15661;8542134809479508
1498;15662;3838167349081271
1499;15663;433154261547830
1500;15664;6476483736736274
1501;15665;5865255676405434
1502;15666;6424264107553483
1503;15667;2916674188185552
1504;15668;5629943298194047
1505;15669;1385993658054368
1506;15670;1525430164759904
1507;15671;8574307910664356
1508;15672;4345927784170769
1509;15673;8510948905688357
1510;15674;1679159558409513
1511;15680;3193992761111734
1512;15683;6637912152422634
1513;15686;2783796043769979
1514;15689;2827372995015368
1515;15692;8367343730994147
1516;15695;292421940548287
1517;15698;8615574649264539
1518;15712;449931194991232
1519;15715;8095195985975632
1520;15716;1012099379854753
1521;15717;3146959137496147
1522;15718;7309524088024373
1523;15719;2964386187519558
1524;15720;7009128417766513
1525;15735;5620026287028843
1526;15738;1075586112229989
1527;15803;4324951838644602
1528;15804;6199090513939019
1529;15810;4819363458495994
1530;15814;4480343858203799
1531;15815;8170999576924997
1532;15816;5258521920608465
1533;15817;6620493104722261
1534;15824;6911201555884212
1535;15844;5996988644820322
1536;15866;2735147026505123
1537;15897;565744652751234
1538;15899;6950624519984243
1539;15904;7216023624587744
1540;15906;8303946894787075
1541;15908;5846201132297372
1542;15910;6996608153484365
1543;15912;7489447543042195
1544;15914;494812864469822
1545;15916;8510789892102608
1546;15918;2574486061138598
1547;15919;5531136662516796
1548;15925;6900327416022675
1549;15927;3837898470566196
1550;15929;4628149400793966
1551;15931;8738233003118302
1552;15934;2249592594648306
1553;15939;7110286987456165
1554;15960;6406916750904662
1555;15962;6053500775422006
1556;15964;4167502080427820
1557;15966;7142602028520638
1558;15968;6428778453705801
1559;15970;5787004549026637
1560;15972;4804671499656257
1561;16006;4165802781927309
1562;16007;1378002120427287
1563;16011;7872343813165965
1564;16045;4738057021008053
1565;16046;4738057021008053
1566;16055;4738057021008053
1567;16075;4602933002553673
1568;16086;4589417340460387
1569;16088;4726733700309158
1570;16105;8078742361720353
1571;16126;2681106364672727
1572;16128;7285611598774227
1573;16130;5975023887010341
1574;16132;1971011976770778
1575;16134;1343779657614727
1576;16136;7215851644563595
1577;16138;51916192497769
1578;16140;4450536360045921
1579;16142;7811043674496003
1580;16144;680392127679828
1581;16146;8137539589388650
1582;16148;4808443297818111
1583;16150;7112400661179366
1584;16152;6687884352875600
1585;16154;8323556187158046
1586;16182;4163716436081023
1587;16183;5576820626985500
1588;16184;3530867602854487
1589;16185;4652178661820793
1590;16186;8353157544428930
1591;16187;498327000959868
1592;16188;7849058989641382
1593;16189;6938771933650164
1594;16190;889479974881974
1595;16195;1082841102857968
1596;16215;2535701257296911
1597;16255;3457800385077487
1598;16264;4806968594338520
1599;16267;2421170557141664
1600;16288;7830932023344074
1601;16296;8746357695937593
1602;16298;8612764259403337
1603;16299;6621727824342894
1604;16301;5948135636647105
1605;16302;4835174165831308
1606;16306;8031380395508853
1607;16350;1014553906618807
1608;16355;3916471846986605
1609;16370;556040175645300
1610;16376;945403835440188
1611;16378;1033596203301560
1612;16380;1573878338734446
1613;16382;2774221235083859
1614;16384;2586751298025080
1615;16386;4159129308578099
1616;16388;4731967277737675
1617;16390;8217401546732414
1618;16392;7279813597328918
1619;16394;3536960021954616
1620;16396;2119306817033875
1621;16398;5412218275539040
1622;16400;6377548806808897
1623;16402;2559446132700556
1624;16404;2411206695477020
1625;16406;5959238652871513
1626;16408;7453117654041873
1627;16410;2044409775344948
1628;16413;2731232927701596
1629;16414;1598203885574893
1630;16415;2508260215899276
1631;16416;3356992922997618
1632;16417;5285011066760028
1633;16418;7820835423868591
1634;16426;7904362669959213
1635;16428;8489524699230982
1636;16430;5423709062994701
1637;16432;6777885861283899
1638;16434;4084801985801490
1639;16436;3993357614446287
1640;16438;494321043264556
1641;16440;4721145885589274
1642;16442;7891890152419204
1643;16444;3509598841343091
1644;16446;4232930335439398
1645;16448;1745713621261390
1646;16450;3362387029014121
1647;16452;1288488147778289
1648;16454;1843200541393594
1649;16456;6824981878577712
1650;16458;7988852293363577
1651;16460;2412119949099445
1652;16462;6131197244226076
1653;16467;8951292651768753
1654;16469;8167424574201789
1655;16471;8396120252629749
1656;16473;1405508623714133
1657;16475;3729002805729579
1658;16477;1204193265421130
1659;16479;6181288223286327
1660;16481;7108669193246424
1661;16483;1808632378283914
1662;16485;2156955035367666
1663;16487;8302182266882998
1664;16489;6453316902225077
1665;16491;2339857827772362
1666;16493;2812506816196795
1667;16495;6052506857291186
1668;16497;7539997104887542
1669;16511;978366795572792
1670;16512;5249567406181554
1671;16514;1717223464402796
1672;16519;3643278638179302
1673;16537;5045702258103266
1674;16556;376720112809291
1675;16561;2412316820182639
1676;16569;290908757579133
1677;16571;4877389474681093
1678;16573;3665244060105868
1679;16575;4828613181467605
1680;16577;2920863446168572
1681;16579;4821488746210943
1682;16581;8137116068352564
1683;16583;4528639956236044
1684;16585;4019976844912115
1685;16626;3681814916323611
1686;16627;1122244320192668
1687;16628;2406642854445039
1688;16643;406549677520487
1689;16670;5197374069732170
1690;16703;4369452252324467
1691;16743;2392954574292666
1692;16745;5541155179924815
1693;16753;2507989884383078
1694;16755;275694368390092
1695;16757;4075647857301574
1696;16759;2983529798056258
1697;16761;866947763487345
1698;16763;8914292342530324
1699;16765;7125713630629993
1700;16767;83908648769169
1701;16769;776392381013304
1702;16780;8644602296006994
1703;16814;1869048735689273
1704;16816;7356661847696463
1705;16820;3375912343923005
1706;16822;894793741061418
1707;16824;3448205222203527
1708;16826;852869323217916
1709;16828;3645568831767082
1710;16830;183577390415829
1711;16832;2368922802242664
1712;16857;596419710125747
1713;16858;596419710125747
1714;16867;596419710125747
1715;16877;8766507921970369
1716;16881;4039952257173106
1717;16883;3491186433436266
1718;16885;968720523169551
1719;16887;5814018325595364
1720;16889;7315730520626875
1721;16891;7108394204018189
1722;16893;3715150390805469
1723;16895;6553844330192372
1724;16897;7300527031465234
1725;16944;5966598263167359
1726;16972;7824340664535450
1727;16998;7729035234558294
1728;17000;6137521401804441
1729;17002;5083875648026930
1730;17004;5298161528974084
1731;17051;2763106785036359
1732;17056;6197994739323678
1733;17057;8848475961089638
1734;17075;1794219633812561
1735;17293;776561681268859
1736;17322;2547713723373534
1737;17325;3013857462040130
1738;17326;4396455342842126
1739;17332;7849389225587066
1740;17333;7849389225587066
1741;17334;7849389225587066
1742;17335;7849389225587066
1743;17336;7849389225587066
1744;17337;7849389225587066
1745;17370;1033693374333741
1746;17371;5793907905149477
1747;17388;744519132848191
1748;17406;3820328457978568
1749;17410;8322360748991323
1750;17418;7863066314954155
1751;17460;4603879248551140
1752;17461;4603879248551140
1753;17470;4603879248551140
1754;17670;8388761578711688
1755;17672;3390068495328849
1756;17674;4852860113021849
1757;17681;8027684023543523
1758;17687;1024686701231851
1759;17689;5622471505475945
1760;17691;6122724076971138
1761;17699;1823767564761221
1762;17720;6395140435499724
1763;17765;241980726112937
1764;17773;7707585661687025
1765;17775;1194191104257624
1766;17805;2762218594049255
1767;17806;2762218594049255
1768;17807;2762218594049255
1769;17813;4477813001217568
1770;17845;7010389667115409
1771;17864;6169919123627373
1772;17874;6959375511197845
1773;17890;8694844366584154
1774;17894;5630991600528947
1775;17898;3227424785860339
1776;17902;3977741345643127
1777;17914;5476197263077619
1778;17921;5802554485659404
1779;17922;5086599382993514
1780;17957;2381389691986156
1781;17958;2381389691986156
1782;17967;2381389691986156
1783;17975;2992714562437720
1784;17976;2992714562437720
1785;17985;2992714562437720
1786;17997;4003392545535567
1787;17999;46320603026636
1788;18013;7582527476447966
1789;18033;4670160000369733
1790;18034;5414986934847175
1791;18035;3168098476362116
1792;18036;5331847655772364
1793;18037;624765488965198
1794;18038;1164091424206632
1795;18039;2213129336780348
1796;18040;642109977909135
1797;18041;5196108751200485
1798;18049;2753915717538081
1799;18055;8765452534785765
1800;18056;3946207425315293
1801;18057;2487920939998508
1802;18058;8814463096218631
1803;18085;6945804926530933
1804;18102;8406238206539984
1805;18103;107959460083701
1806;18105;6811897629965006
1807;18106;6811897629965006
1808;18108;5123118470940628
1809;18109;5123118470940628
1810;18110;7161752212058910
1811;18111;7161752212058910
1812;18112;6502404947807262
1813;18113;6502404947807262
1814;18114;5903195526154244
1815;18115;5903195526154244
1816;18155;2693860303428806
1817;18164;8087073458463965
1818;18167;2178507818329486
1819;18172;7418644732590302
1820;18179;4936707759823422
1821;18185;6335117893383269
1822;18225;4386295511782641
1823;18226;6179619670708261
1824;18227;6939684078309662
1825;18228;7205386510119709
1826;18294;8419983908973961
1827;18305;6650473962802949
1828;18346;1805927989054224
1829;18394;7507670567076876
1830;18401;8619704869429225
1831;18402;8619704869429225
1832;18403;8619704869429225
1833;18404;8619704869429225
1834;18405;8619704869429225
1835;18406;8619704869429225
1836;18411;8619704869429225
1837;18418;5999645359258071
1838;18474;545520647424059
1839;18495;6639647819916613
1840;18612;922176826200995
1841;18613;7933951992854994
1842;18614;6114084363159343
1843;18618;4475901893208418
1844;18626;8538608609518225
1845;18630;2732837071923282
1846;18664;4795905940217871
1847;18691;1716279930111917
1848;18692;1716279930111917
1849;18693;1716279930111917
1850;18694;1716279930111917
1851;18701;1716279930111917
1852;18751;2558244928449079
1853;18752;6907314612707778
1854;18812;5867469467618413
1855;18954;8051310215431937
1856;19179;6872520802091051
1857;19183;6918616409415888
1858;19185;3126792461457508
1859;19198;101726653298148
1860;19200;3700818384386867
1861;19202;4649032789559360
1862;19204;1736563672703795
1863;19207;3508866933064965
1864;19214;5561731977763585
1865;19230;506773656565912
1866;19361;8048254248660800
1867;19376;2462573382182806
1868;19377;5607187660665536
1869;19378;968837337358195
1870;19379;4823940106056562
1871;19409;7615153955477415
